"Card Name","Card Description","Checklist Items","Start Date","Due Date","Labels","List Name"
"Project Setup - Environment & Dependencies","Set up the development environment with Next.js 14, JavaScript, and all required dependencies for the Data Quality Analysis Platform.","[ ] Install Node.js v18+
[ ] Create Next.js 14 project with JavaScript (no TypeScript)
[ ] Install dependencies: papaparse, chart.js, react-chartjs-2, openai
[ ] Install dev dependencies: vitest, @testing-library/react, @testing-library/jest-dom
[ ] Configure package.json scripts
[ ] Set up .gitignore file
[ ] Initialize Git repository
[ ] Create .env.local template","2025-11-15","2025-11-16","Milestone 1,High Priority,Feature","Milestone 1: Foundation"
"File Upload Component","Create a drag-and-drop file upload component with validation for CSV, JSON, and Excel files.","[ ] Create FileUpload.jsx component
[ ] Implement drag-and-drop functionality
[ ] Add file type validation (.csv, .json, .xlsx)
[ ] Add file size validation (max 50MB)
[ ] Create FileUpload.css with responsive design
[ ] Add loading states and user feedback
[ ] Implement error handling for invalid files
[ ] Add ARIA labels for accessibility","2025-11-16","2025-11-17","Milestone 1,High Priority,Feature","Milestone 1: Foundation"
"CSS Variable System & Global Styles","Set up CSS Custom Properties system and global styles for consistent theming across the application.","[ ] Create src/styles/globals.css
[ ] Define CSS color variables (primary, quality colors, text)
[ ] Define spacing variables (xs, sm, md, lg, xl)
[ ] Define border-radius variables
[ ] Define shadow variables
[ ] Define transition variables
[ ] Add CSS reset styles
[ ] Add focus styles for accessibility
[ ] Add reduced motion support","2025-11-16","2025-11-17","Milestone 1,Medium Priority,Feature","Milestone 1: Foundation"
"Home Page Layout","Create the home page with file upload component and responsive layout using CSS Grid/Flexbox.","[ ] Create src/app/page.jsx
[ ] Create HomePage.css with responsive grid
[ ] Add welcome message and instructions
[ ] Integrate FileUpload component
[ ] Add mobile-first responsive design
[ ] Test on mobile, tablet, desktop breakpoints
[ ] Add proper semantic HTML structure
[ ] Implement sessionStorage for file handling","2025-11-17","2025-11-18","Milestone 1,Medium Priority,Feature","Milestone 1: Foundation"
"Routing & Navigation","Set up Next.js App Router with client-side navigation between Home and Analysis pages.","[ ] Create src/app/layout.js
[ ] Create src/app/analysis/page.jsx
[ ] Implement useRouter for navigation
[ ] Add sessionStorage for state management
[ ] Test navigation flow: upload → analysis
[ ] Add error handling for missing data
[ ] Create loading states during navigation","2025-11-17","2025-11-18","Milestone 1,Medium Priority,Feature","Milestone 1: Foundation"
"Data Analysis Engine - Core Logic","Build the core data analysis engine with statistical calculations and quality scoring.","[ ] Create src/lib/dataAnalysis.js
[ ] Implement DataAnalyzer class with static methods
[ ] Build detectDataType() function (number, text, date, boolean)
[ ] Build analyzeColumn() function (missing values, unique count, stats)
[ ] Build calculateQualityScore() function (completeness, consistency, accuracy, validity)
[ ] Build analyzeDataset() main function
[ ] Add issue detection logic (high missing values, inconsistencies)
[ ] Generate recommendations based on analysis
[ ] Test with sample datasets","2025-11-18","2025-11-20","Milestone 2,High Priority,Feature","Milestone 2: Analysis"
"CSV/JSON File Parsing","Implement file parsing with Papa Parse for CSV and native JSON parsing.","[ ] Integrate Papa Parse library
[ ] Create file reading logic with FileReader API
[ ] Implement CSV parsing with headers
[ ] Implement JSON parsing
[ ] Add dynamic typing for numbers
[ ] Add skip empty lines option
[ ] Implement error handling for malformed files
[ ] Test with various CSV formats
[ ] Test with nested JSON structures","2025-11-18","2025-11-19","Milestone 2,High Priority,Feature","Milestone 2: Analysis"
"Data Preview Component","Create a responsive table component to display sample data rows with column type indicators.","[ ] Create src/components/data/DataPreview.jsx
[ ] Create DataPreview.css with table styling
[ ] Display first 100 rows of data
[ ] Show column names as table headers
[ ] Add column type badges (number, text, date)
[ ] Make table scrollable horizontally
[ ] Add responsive design for mobile
[ ] Handle empty/null values display
[ ] Add loading skeleton while processing","2025-11-19","2025-11-20","Milestone 2,Medium Priority,Feature","Milestone 2: Analysis"
"Quality Score Dashboard","Build a dashboard showing overall quality score and 4 quality metrics with color-coded indicators.","[ ] Create src/components/data/QualityScore.jsx
[ ] Create QualityScore.css with grid layout
[ ] Display overall quality score (0-100)
[ ] Show 4 metrics: Completeness, Consistency, Accuracy, Validity
[ ] Add color coding: green (≥90), yellow (70-89), red (<70)
[ ] Create metric cards with CSS Grid
[ ] Add score labels: Excellent, Good, Needs Improvement
[ ] Make responsive with media queries
[ ] Add smooth transitions on load","2025-11-19","2025-11-20","Milestone 2,High Priority,Feature","Milestone 2: Analysis"
"Analysis Page Integration","Integrate all analysis components into the main analysis page with proper data flow.","[ ] Update src/app/analysis/page.jsx
[ ] Create AnalysisPage.css
[ ] Integrate DataPreview component
[ ] Integrate QualityScore component
[ ] Add file processing logic on page load
[ ] Retrieve data from sessionStorage
[ ] Handle missing data (redirect to home)
[ ] Add loading states with spinner
[ ] Add error states with helpful messages
[ ] Create ""Start Over"" button
[ ] Test complete upload → analysis flow","2025-11-20","2025-11-21","Milestone 2,High Priority,Feature","Milestone 2: Analysis"
"OpenAI API Integration","Integrate OpenAI API v4+ for AI-powered insights and recommendations.","[ ] Create src/lib/aiIntegration.js
[ ] Set up OpenAI SDK v4+
[ ] Create getAIInsights() function
[ ] Design AI prompt for data quality analysis
[ ] Implement error handling and retries
[ ] Add fallback to statistical analysis
[ ] Configure .env.local for API key
[ ] Add API key validation
[ ] Test with sample analysis data
[ ] Implement rate limiting handling","2025-11-21","2025-11-23","Milestone 3,High Priority,Feature","Milestone 3: AI & Visualizations"
"AI Insights Component","Create a component to display AI-generated insights with loading and error states.","[ ] Create src/components/data/AIInsights.jsx
[ ] Create AIInsights.css
[ ] Add loading spinner during AI processing
[ ] Display AI insights text with formatting
[ ] Add refresh button to regenerate insights
[ ] Implement error handling UI
[ ] Add fallback message when API unavailable
[ ] Style with proper spacing and readability
[ ] Add accessibility labels
[ ] Test loading, success, and error states","2025-11-22","2025-11-23","Milestone 3,High Priority,Feature","Milestone 3: AI & Visualizations"
"Data Visualizations with Chart.js","Create interactive charts for quality metrics and data distribution using Chart.js.","[ ] Install chart.js and react-chartjs-2
[ ] Create src/components/data/DataVisualizations.jsx
[ ] Create DataVisualizations.css
[ ] Build quality metrics bar chart
[ ] Build data types distribution pie chart
[ ] Build column issues bar chart
[ ] Configure Chart.js options and colors
[ ] Make charts responsive
[ ] Add chart accessibility features
[ ] Test with various dataset sizes","2025-11-23","2025-11-24","Milestone 3,Medium Priority,Feature","Milestone 3: AI & Visualizations"
"Column Details Component","Build an expandable accordion showing detailed analysis for each column.","[ ] Create src/components/data/ColumnDetails.jsx
[ ] Create ColumnDetails.css
[ ] Implement expand/collapse functionality
[ ] Display column statistics (min, max, mean, median)
[ ] Show quality issues list per column
[ ] Display sample values (first 5)
[ ] Add color coding for quality levels
[ ] Make responsive for mobile
[ ] Add keyboard navigation support
[ ] Test with datasets having many columns","2025-11-23","2025-11-24","Milestone 3,Medium Priority,Feature","Milestone 3: AI & Visualizations"
"Update Analysis Page with All Components","Integrate AI insights, visualizations, and column details into the analysis page.","[ ] Update src/app/analysis/page.jsx
[ ] Add AIInsights component
[ ] Add DataVisualizations component
[ ] Add ColumnDetails component
[ ] Implement proper component ordering
[ ] Add lazy loading with React.lazy()
[ ] Add Suspense fallbacks
[ ] Test complete analysis flow
[ ] Verify all components render correctly
[ ] Optimize performance","2025-11-24","2025-11-25","Milestone 3,High Priority,Feature","Milestone 3: AI & Visualizations"
"Testing Setup - Vitest Configuration","Set up Vitest testing framework with React Testing Library for unit and component tests.","[ ] Install vitest and @testing-library packages
[ ] Create vitest.config.js
[ ] Create src/test/setup.js
[ ] Configure test environment (jsdom)
[ ] Set up test scripts in package.json
[ ] Create test directory structure
[ ] Configure coverage reporting
[ ] Test the test setup with sample test
[ ] Document testing guidelines","2025-11-25","2025-11-26","Milestone 4,High Priority,Testing","Milestone 4: Testing & Deployment"
"Unit Tests - Data Analysis Engine","Write comprehensive unit tests for all data analysis functions.","[ ] Create src/lib/__tests__/dataAnalysis.test.js
[ ] Test detectDataType() with various inputs
[ ] Test analyzeColumn() with missing values
[ ] Test analyzeColumn() with duplicates
[ ] Test calculateQualityScore() edge cases
[ ] Test analyzeDataset() with complete flow
[ ] Test error handling for empty datasets
[ ] Achieve ≥70% code coverage
[ ] Run tests and verify all pass","2025-11-25","2025-11-26","Milestone 4,High Priority,Testing","Milestone 4: Testing & Deployment"
"Component Tests","Write component tests for FileUpload, QualityScore, and DataPreview components.","[ ] Create src/components/__tests__/FileUpload.test.jsx
[ ] Test file selection and validation
[ ] Test drag-and-drop functionality
[ ] Create src/components/data/__tests__/QualityScore.test.jsx
[ ] Test score display and color coding
[ ] Create src/components/data/__tests__/DataPreview.test.jsx
[ ] Test table rendering with data
[ ] Test accessibility features
[ ] Run all component tests","2025-11-26","2025-11-27","Milestone 4,High Priority,Testing","Milestone 4: Testing & Deployment"
"Error Boundary Component","Create an error boundary component to catch and display runtime errors gracefully.","[ ] Create src/components/ErrorBoundary.jsx
[ ] Create ErrorBoundary.css
[ ] Implement getDerivedStateFromError()
[ ] Implement componentDidCatch()
[ ] Create error UI with reload button
[ ] Add error logging
[ ] Wrap app in ErrorBoundary in layout.js
[ ] Test by triggering errors
[ ] Verify error UI displays correctly","2025-11-26","2025-11-27","Milestone 4,Medium Priority,Feature","Milestone 4: Testing & Deployment"
"Accessibility Improvements","Implement WCAG 2.1 AA accessibility standards across the application.","[ ] Add ARIA labels to all interactive elements
[ ] Implement keyboard navigation support
[ ] Add skip to main content link
[ ] Ensure all buttons have accessible names
[ ] Add focus indicators to all focusable elements
[ ] Test color contrast (≥4.5:1)
[ ] Add reduced motion support in CSS
[ ] Test with screen reader (NVDA or VoiceOver)
[ ] Run Lighthouse accessibility audit (target ≥90)
[ ] Fix all accessibility issues found","2025-11-27","2025-11-28","Milestone 4,High Priority,Accessibility","Milestone 4: Testing & Deployment"
"Performance Optimization","Optimize application performance to meet Lighthouse performance targets.","[ ] Implement lazy loading for heavy components
[ ] Add code splitting with dynamic imports
[ ] Add Suspense boundaries with loading fallbacks
[ ] Optimize CSS (remove unused styles)
[ ] Test with large datasets (50MB)
[ ] Run Lighthouse performance audit
[ ] Optimize bundle size
[ ] Implement debouncing where needed
[ ] Achieve Lighthouse Performance ≥85
[ ] Test loading times on 3G connection","2025-11-27","2025-11-28","Milestone 4,High Priority,Performance","Milestone 4: Testing & Deployment"
"Production Build & Testing","Create production build and test all features in production mode.","[ ] Run pnpm run build
[ ] Fix any build errors
[ ] Run pnpm run preview
[ ] Test file upload in production mode
[ ] Test data analysis flow
[ ] Test AI insights generation
[ ] Test all charts and visualizations
[ ] Verify no console errors
[ ] Check bundle size
[ ] Test on multiple browsers (Chrome, Firefox, Safari)","2025-11-28","2025-11-29","Milestone 4,High Priority,Testing","Milestone 4: Testing & Deployment"
"Environment Variables & Security","Configure environment variables and ensure secure handling of API keys.","[ ] Create .env.local file
[ ] Add OPENAI_API_KEY variable
[ ] Create .env.example template
[ ] Update .gitignore to exclude .env files
[ ] Document environment setup in README
[ ] Add API key validation
[ ] Implement secure API key usage
[ ] Test with missing API key scenario
[ ] Document security best practices","2025-11-28","2025-11-29","Milestone 4,Medium Priority,Security","Milestone 4: Testing & Deployment"
"Deployment to Vercel","Deploy the application to Vercel production environment.","[ ] Create Vercel account
[ ] Install Vercel CLI
[ ] Link project to Vercel
[ ] Configure environment variables in Vercel dashboard
[ ] Add OPENAI_API_KEY to Vercel
[ ] Run vercel --prod deployment
[ ] Test deployed application
[ ] Verify all features work in production
[ ] Share production URL
[ ] Monitor for errors in Vercel dashboard","2025-11-29","2025-11-30","Milestone 4,High Priority,Deployment","Milestone 4: Testing & Deployment"
"Documentation - README.md","Create comprehensive README with setup instructions, features, and usage guide.","[ ] Document project overview
[ ] List all features
[ ] Add tech stack details
[ ] Write installation instructions
[ ] Document environment setup
[ ] Add usage guide with screenshots
[ ] Document API key setup
[ ] Add troubleshooting section
[ ] Include deployment instructions
[ ] Add license and credits","2025-11-29","2025-11-30","Milestone 4,Medium Priority,Documentation","Milestone 4: Testing & Deployment"
"Final Testing & QA","Conduct comprehensive end-to-end testing of the complete application.","[ ] Test complete user flow: upload → analysis → insights
[ ] Test with 5 different real-world datasets
[ ] Test error scenarios (invalid files, API errors)
[ ] Test on mobile devices
[ ] Test on different screen sizes
[ ] Verify all acceptance criteria met
[ ] Check Lighthouse scores (Performance ≥85, Accessibility ≥90)
[ ] Test with different browsers
[ ] Verify no console errors
[ ] Create bug list if issues found","2025-11-30","2025-12-01","Milestone 4,High Priority,Testing","Milestone 4: Testing & Deployment"
"Sample Datasets Creation","Create sample CSV files for testing and demonstration purposes.","[ ] Create sample-sales.csv with quality issues
[ ] Create sample-customers.csv with missing values
[ ] Create sample-products.csv with duplicates
[ ] Add datasets to public/datasets/ folder
[ ] Document dataset structure
[ ] Test application with each sample dataset
[ ] Verify analysis results are accurate","2025-11-16","2025-11-17","Milestone 1,Low Priority,Documentation","Resources"
"Code Comments & JSDoc","Add comprehensive code comments and JSDoc documentation to all functions.","[ ] Add JSDoc comments to DataAnalyzer methods
[ ] Document function parameters and return types
[ ] Add code comments for complex logic
[ ] Document AI prompt engineering decisions
[ ] Add component prop documentation
[ ] Document CSS variable usage
[ ] Review all files for clarity","2025-11-28","2025-11-29","Milestone 4,Low Priority,Documentation","Resources"
"Bug Fix: File Upload Validation","Fix any bugs related to file upload validation and error handling.","[ ] Test file upload with various file types
[ ] Verify error messages display correctly
[ ] Test file size limit enforcement
[ ] Fix drag-and-drop issues if any
[ ] Verify loading states work properly
[ ] Test on different browsers
[ ] Document any workarounds needed","TBD","TBD","Bug,High Priority","Testing"
"Bug Fix: Data Analysis Edge Cases","Fix bugs related to data analysis with edge case datasets.","[ ] Test with empty datasets
[ ] Test with single row datasets
[ ] Test with single column datasets
[ ] Test with all null values
[ ] Test with special characters
[ ] Fix calculation errors if found
[ ] Add additional error handling
[ ] Update unit tests","TBD","TBD","Bug,High Priority","Testing"
"Enhancement: Export Quality Report","Add feature to export quality analysis report as PDF or JSON.","[ ] Design export format
[ ] Implement JSON export
[ ] Add export button to analysis page
[ ] Generate downloadable file
[ ] Test export functionality
[ ] Add success notification","TBD","TBD","Feature,Low Priority","Backlog"
"Enhancement: Historical Analysis Comparison","Add ability to compare current analysis with previous uploads.","[ ] Design localStorage schema
[ ] Store analysis history
[ ] Create comparison UI
[ ] Show trend over time
[ ] Add chart for historical scores","TBD","TBD","Feature,Low Priority","Backlog"
"Enhancement: Excel File Support","Add support for .xlsx file parsing in addition to CSV and JSON.","[ ] Research Excel parsing libraries (SheetJS, xlsx)
[ ] Integrate library
[ ] Add .xlsx to accepted file types
[ ] Test with sample Excel files
[ ] Update documentation","TBD","TBD","Feature,Medium Priority","Backlog"
